{"cameraMode":{"drawMode":0,"name":"Shaded","section":"Shading Mode"},"sceneLighting":true,"audioPlay":false,"sceneViewState":{"m_AlwaysRefresh":false,"showFog":true,"showSkybox":true,"showFlares":true,"showImageEffects":true,"showParticleSystems":true,"showVisualEffectGraphs":true,"m_FxEnabled":true},"in2DMode":false,"pivot":{"x":3.5972113609313967,"y":1.838418960571289,"z":12.053709983825684},"rotation":{"x":-0.03719581291079521,"y":-0.9606167078018189,"z":0.15878015756607057,"w":-0.22501662373542787},"size":1.0177119970321656,"orthographic":false}